firstname,lastname,party,constituency,fromdate,todate,house,fullname
"Hywel","Francis","Lab","Aberavon","1273100400","253402214400","commons","Hywel Francis"
"Guto","Bebb","Con","Aberconwy","1273100400","253402214400","commons","Guto Bebb"
"Frank","Doran","Lab","Aberdeen North","1273100400","253402214400","commons","Frank Doran"
"Anne","Begg","Lab","Aberdeen South","1273100400","253402214400","commons","Anne Begg"
"Pamela","Nash","Lab","Airdrie and Shotts","1273100400","253402214400","commons","Pamela Nash"
"Gerald","Howarth","Con","Aldershot","1273100400","253402214400","commons","Gerald Howarth"
"Richard","Shepherd","Con","Aldridge-Brownhills","1273100400","253402214400","commons","Richard Shepherd"
"Graham","Brady","Con","Altrincham and Sale West","1273100400","253402214400","commons","Graham Brady"
"Mark","Tami","Lab","Alyn and Deeside","1273100400","253402214400","commons","Mark Tami"
"Nigel","Mills","Con","Amber Valley","1273100400","253402214400","commons","Nigel Mills"
"Michael","Weir","SNP","Angus","1273100400","253402214400","commons","Michael Weir"
"Hywel","Williams","PC","Arfon","1273100400","253402214400","commons","Hywel Williams"
"Alan","Reid","LDem","Argyll and Bute","1273100400","253402214400","commons","Alan Reid"
"Nick","Herbert","Con","Arundel and South Downs","1273100400","253402214400","commons","Nick Herbert"
"Gloria","De Piero","Lab","Ashfield","1273100400","253402214400","commons","Gloria De Piero"
"Damian","Green","Con","Ashford","1273100400","253402214400","commons","Damian Green"
"David","Heyes","Lab","Ashton-under-Lyne","1273100400","253402214400","commons","David Heyes"
"David","Lidington","Con","Aylesbury","1273100400","253402214400","commons","David Lidington"
"Sandra","Osborne","Lab","Ayr, Carrick and Cumnock","1273100400","253402214400","commons","Sandra Osborne"
"Tony","Baldry","Con","Banbury","1273100400","253402214400","commons","Tony Baldry"
"Eilidh","Whiteford","SNP","Banff and Buchan","1273100400","253402214400","commons","Eilidh Whiteford"
"Margaret","Hodge","Lab","Barking","1273100400","253402214400","commons","Margaret Hodge"
"Eric","Illsley","Lab","Barnsley Central","1273100400","1297123200","commons","Eric Illsley"
"Michael","Dugher","Lab","Barnsley East","1273100400","253402214400","commons","Michael Dugher"
"John","Woodcock","Lab","Barrow and Furness","1273100400","253402214400","commons","John Woodcock"
"John","Baron","Con","Basildon and Billericay","1273100400","253402214400","commons","John Baron"
"Maria","Miller","Con","Basingstoke","1273100400","253402214400","commons","Maria Miller"
"John","Mann","Lab","Bassetlaw","1273100400","253402214400","commons","John Mann"
"Don","Foster","LDem","Bath","1273100400","253402214400","commons","Don Foster"
"Mike","Wood","Lab","Batley and Spen","1273100400","253402214400","commons","Mike Wood"
"Jane","Ellison","Con","Battersea","1273100400","253402214400","commons","Jane Ellison"
"Dominic","Grieve","Con","Beaconsfield","1273100400","253402214400","commons","Dominic Grieve"
"Bob","Stewart","Con","Beckenham","1273100400","253402214400","commons","Bob Stewart"
"Richard","Fuller","Con","Bedford","1273100400","253402214400","commons","Richard Fuller"
"Naomi","Long","Alliance","Belfast East","1273100400","253402214400","commons","Naomi Long"
"Nigel","Dodds","DUP","Belfast North","1273100400","253402214400","commons","Nigel Dodds"
"Alasdair","McDonnell","SDLP","Belfast South","1273100400","253402214400","commons","Alasdair McDonnell"
"Gerry","Adams","SF","Belfast West","1273100400","1296000000","commons","Gerry Adams"
"Simon","Hughes","LDem","Bermondsey and Old Southwark","1273100400","253402214400","commons","Simon Hughes"
"Alan","Beith","LDem","Berwick-upon-Tweed","1273100400","253402214400","commons","Alan Beith"
"Michael","Moore","LDem","Berwickshire, Roxburgh and Selkirk","1273100400","253402214400","commons","Michael Moore"
"Rushanara","Ali","Lab","Bethnal Green and Bow","1273100400","253402214400","commons","Rushanara Ali"
"Graham","Stuart","Con","Beverley and Holderness","1273100400","253402214400","commons","Graham Stuart"
"Gregory","Barker","Con","Bexhill and Battle","1273100400","253402214400","commons","Gregory Barker"
"David","Evennett","Con","Bexleyheath and Crayford","1273100400","253402214400","commons","David Evennett"
"Frank","Field","Lab","Birkenhead","1273100400","253402214400","commons","Frank Field"
"Gisela","Stuart","Lab","Birmingham, Edgbaston","1273100400","253402214400","commons","Gisela Stuart"
"Jack","Dromey","Lab","Birmingham, Erdington","1273100400","253402214400","commons","Jack Dromey"
"Roger","Godsiff","Lab","Birmingham, Hall Green","1273100400","253402214400","commons","Roger Godsiff"
"Liam","Byrne","Lab","Birmingham, Hodge Hill","1273100400","253402214400","commons","Liam Byrne"
"Shabana","Mahmood","Lab","Birmingham, Ladywood","1273100400","253402214400","commons","Shabana Mahmood"
"Richard","Burden","Lab","Birmingham, Northfield","1273100400","253402214400","commons","Richard Burden"
"Khalid","Mahmood","Lab","Birmingham, Perry Barr","1273100400","253402214400","commons","Khalid Mahmood"
"Stephen","McCabe","Lab","Birmingham, Selly Oak","1273100400","253402214400","commons","Stephen McCabe"
"John","Hemming","LDem","Birmingham, Yardley","1273100400","253402214400","commons","John Hemming"
"Helen","Goodman","Lab","Bishop Auckland","1273100400","253402214400","commons","Helen Goodman"
"Jack","Straw","Lab","Blackburn","1273100400","253402214400","commons","Jack Straw"
"Graham","Stringer","Lab","Blackley and Broughton","1273100400","253402214400","commons","Graham Stringer"
"Paul","Maynard","Con","Blackpool North and Cleveleys","1273100400","253402214400","commons","Paul Maynard"
"Gordon","Marsden","Lab","Blackpool South","1273100400","253402214400","commons","Gordon Marsden"
"Nick","Smith","Lab","Blaenau Gwent","1273100400","253402214400","commons","Nick Smith"
"David","Anderson","Lab","Blaydon","1273100400","253402214400","commons","David Anderson"
"Ronnie","Campbell","Lab","Blyth Valley","1273100400","253402214400","commons","Ronnie Campbell"
"Nick","Gibb","Con","Bognor Regis and Littlehampton","1273100400","253402214400","commons","Nick Gibb"
"Dennis","Skinner","Lab","Bolsover","1273100400","253402214400","commons","Dennis Skinner"
"David","Crausby","Lab","Bolton North East","1273100400","253402214400","commons","David Crausby"
"Yasmin","Qureshi","Lab","Bolton South East","1273100400","253402214400","commons","Yasmin Qureshi"
"Julie","Hilling","Lab","Bolton West","1273100400","253402214400","commons","Julie Hilling"
"Joe","Benton","Lab","Bootle","1273100400","253402214400","commons","Joe Benton"
"Mark","Simmonds","Con","Boston and Skegness","1273100400","253402214400","commons","Mark Simmonds"
"David","Tredinnick","Con","Bosworth","1273100400","253402214400","commons","David Tredinnick"
"Tobias","Ellwood","Con","Bournemouth East","1273100400","253402214400","commons","Tobias Ellwood"
"Conor","Burns","Con","Bournemouth West","1273100400","253402214400","commons","Conor Burns"
"Phillip","Lee","Con","Bracknell","1273100400","253402214400","commons","Phillip Lee"
"David","Ward","LDem","Bradford East","1273100400","253402214400","commons","David Ward"
"Gerry","Sutcliffe","Lab","Bradford South","1273100400","253402214400","commons","Gerry Sutcliffe"
"Marsha","Singh","Lab","Bradford West","1273100400","1330646400","commons","Marsha Singh"
"Brooks","Newmark","Con","Braintree","1273100400","253402214400","commons","Brooks Newmark"
"Roger","Williams","LDem","Brecon and Radnorshire","1273100400","253402214400","commons","Roger Williams"
"Sarah","Teather","LDem","Brent Central","1273100400","253402214400","commons","Sarah Teather"
"Barry","Gardiner","Lab","Brent North","1273100400","253402214400","commons","Barry Gardiner"
"Mary","Macleod","Con","Brentford and Isleworth","1273100400","253402214400","commons","Mary Macleod"
"Eric","Pickles","Con","Brentwood and Ongar","1273100400","253402214400","commons","Eric Pickles"
"Madeleine","Moon","Lab","Bridgend","1273100400","253402214400","commons","Madeleine Moon"
"Ian","Liddell-Grainger","Con","Bridgwater and West Somerset","1273100400","253402214400","commons","Ian Liddell-Grainger"
"Andrew","Percy","Con","Brigg and Goole","1273100400","253402214400","commons","Andrew Percy"
"Simon","Kirby","Con","Brighton, Kemptown","1273100400","253402214400","commons","Simon Kirby"
"Caroline","Lucas","Green","Brighton, Pavilion","1273100400","253402214400","commons","Caroline Lucas"
"Kerry","McCarthy","Lab","Bristol East","1273100400","253402214400","commons","Kerry McCarthy"
"Charlotte","Leslie","Con","Bristol North West","1273100400","253402214400","commons","Charlotte Leslie"
"Dawn","Primarolo","Lab","Bristol South","1273100400","253402214400","commons","Dawn Primarolo"
"Stephen","Williams","LDem","Bristol West","1273100400","253402214400","commons","Stephen Williams"
"Keith","Simpson","Con","Broadland","1273100400","253402214400","commons","Keith Simpson"
"Bob","Neill","Con","Bromley and Chislehurst","1273100400","253402214400","commons","Bob Neill"
"Sajid","Javid","Con","Bromsgrove","1273100400","253402214400","commons","Sajid Javid"
"Charles","Walker","Con","Broxbourne","1273100400","253402214400","commons","Charles Walker"
"Anna","Soubry","Con","Broxtowe","1273100400","253402214400","commons","Anna Soubry"
"John","Bercow","SPK","Buckingham","1273100400","253402214400","commons","John Bercow"
"Gordon","Birtwistle","LDem","Burnley","1273100400","253402214400","commons","Gordon Birtwistle"
"Andrew","Griffiths","Con","Burton","1273100400","253402214400","commons","Andrew Griffiths"
"David","Nuttall","Con","Bury North","1273100400","253402214400","commons","David Nuttall"
"Ivan","Lewis","Lab","Bury South","1273100400","253402214400","commons","Ivan Lewis"
"David","Ruffley","Con","Bury St Edmunds","1273100400","253402214400","commons","David Ruffley"
"Wayne","David","Lab","Caerphilly","1273100400","253402214400","commons","Wayne David"
"John","Thurso","LDem","Caithness, Sutherland and Easter Ross","1273100400","253402214400","commons","John Thurso"
"Craig","Whittaker","Con","Calder Valley","1273100400","253402214400","commons","Craig Whittaker"
"Harriet","Harman","Lab","Camberwell and Peckham","1273100400","253402214400","commons","Harriet Harman"
"George","Eustice","Con","Camborne and Redruth","1273100400","253402214400","commons","George Eustice"
"Julian","Huppert","LDem","Cambridge","1273100400","253402214400","commons","Julian Huppert"
"Aidan","Burley","Con","Cannock Chase","1273100400","253402214400","commons","Aidan Burley"
"Julian","Brazier","Con","Canterbury","1273100400","253402214400","commons","Julian Brazier"
"Jennifer","Willott","LDem","Cardiff Central","1273100400","253402214400","commons","Jennifer Willott"
"Jonathan","Evans","Con","Cardiff North","1273100400","253402214400","commons","Jonathan Evans"
"Alun","Michael","Lab","Cardiff South and Penarth","1273100400","1350860400","commons","Alun Michael"
"Kevin","Brennan","Lab","Cardiff West","1273100400","253402214400","commons","Kevin Brennan"
"John","Stevenson","Con","Carlisle","1273100400","253402214400","commons","John Stevenson"
"Jonathan","Edwards","PC","Carmarthen East and Dinefwr","1273100400","253402214400","commons","Jonathan Edwards"
"Simon","Hart","Con","Carmarthen West and South Pembrokeshire","1273100400","253402214400","commons","Simon Hart"
"Tom","Brake","LDem","Carshalton and Wallington","1273100400","253402214400","commons","Tom Brake"
"Rebecca","Harris","Con","Castle Point","1273100400","253402214400","commons","Rebecca Harris"
"Brian H","Donohoe","Lab","Central Ayrshire","1273100400","253402214400","commons","Brian H Donohoe"
"Mel","Stride","Con","Central Devon","1273100400","253402214400","commons","Mel Stride"
"Daniel","Poulter","Con","Central Suffolk and North Ipswich","1273100400","253402214400","commons","Daniel Poulter"
"Mark","Williams","LDem","Ceredigion","1273100400","253402214400","commons","Mark Williams"
"Stephen","Dorrell","Con","Charnwood","1273100400","253402214400","commons","Stephen Dorrell"
"Tracey","Crouch","Con","Chatham and Aylesford","1273100400","253402214400","commons","Tracey Crouch"
"Mark","Hunter","LDem","Cheadle","1273100400","253402214400","commons","Mark Hunter"
"Simon","Burns","Con","Chelmsford","1273100400","253402214400","commons","Simon Burns"
"Greg","Hands","Con","Chelsea and Fulham","1273100400","253402214400","commons","Greg Hands"
"Martin","Horwood","LDem","Cheltenham","1273100400","253402214400","commons","Martin Horwood"
"Cheryl","Gillan","Con","Chesham and Amersham","1273100400","253402214400","commons","Cheryl Gillan"
"Toby","Perkins","Lab","Chesterfield","1273100400","253402214400","commons","Toby Perkins"
"Andrew","Tyrie","Con","Chichester","1273100400","253402214400","commons","Andrew Tyrie"
"Iain","Duncan Smith","Con","Chingford and Woodford Green","1273100400","253402214400","commons","Iain Duncan Smith"
"Duncan","Hames","LDem","Chippenham","1273100400","253402214400","commons","Duncan Hames"
"Theresa","Villiers","Con","Chipping Barnet","1273100400","253402214400","commons","Theresa Villiers"
"Lindsay","Hoyle","Lab","Chorley","1273100400","253402214400","commons","Lindsay Hoyle"
"Christopher","Chope","Con","Christchurch","1273100400","253402214400","commons","Christopher Chope"
"Mark","Field","Con","Cities of London and Westminster","1273100400","253402214400","commons","Mark Field"
"Stephen","Mosley","Con","City of Chester","1273100400","253402214400","commons","Stephen Mosley"
"Roberta","Blackman-Woods","Lab","City of Durham","1273100400","253402214400","commons","Roberta Blackman-Woods"
"Douglas","Carswell","Con","Clacton","1273100400","1409266800","commons","Douglas Carswell"
"Martin","Vickers","Con","Cleethorpes","1273100400","253402214400","commons","Martin Vickers"
"Susan Elan","Jones","Lab","Clwyd South","1273100400","253402214400","commons","Susan Elan Jones"
"David","Jones","Con","Clwyd West","1273100400","253402214400","commons","David Jones"
"Tom","Clarke","Lab","Coatbridge, Chryston and Bellshill","1273100400","253402214400","commons","Tom Clarke"
"Bob","Russell","LDem","Colchester","1273100400","253402214400","commons","Bob Russell"
"Jason","McCartney","Con","Colne Valley","1273100400","253402214400","commons","Jason McCartney"
"Fiona","Bruce","Con","Congleton","1273100400","253402214400","commons","Fiona Bruce"
"Jamie","Reed","Lab","Copeland","1273100400","253402214400","commons","Jamie Reed"
"Louise","Mensch","Con","Corby","1273100400","1346194800","commons","Louise Mensch"
"Bob","Ainsworth","Lab","Coventry North East","1273100400","253402214400","commons","Bob Ainsworth"
"Geoffrey","Robinson","Lab","Coventry North West","1273100400","253402214400","commons","Geoffrey Robinson"
"Jim","Cunningham","Lab","Coventry South","1273100400","253402214400","commons","Jim Cunningham"
"Henry","Smith","Con","Crawley","1273100400","253402214400","commons","Henry Smith"
"Edward","Timpson","Con","Crewe and Nantwich","1273100400","253402214400","commons","Edward Timpson"
"Gavin","Barwell","Con","Croydon Central","1273100400","253402214400","commons","Gavin Barwell"
"Malcolm","Wicks","Lab","Croydon North","1273100400","1348873200","commons","Malcolm Wicks"
"Richard","Ottaway","Con","Croydon South","1273100400","253402214400","commons","Richard Ottaway"
"Gregg","McClymont","Lab","Cumbernauld, Kilsyth and Kirkintilloch East","1273100400","253402214400","commons","Gregg McClymont"
"Ann","Clwyd","Lab","Cynon Valley","1273100400","253402214400","commons","Ann Clwyd"
"Jon","Cruddas","Lab","Dagenham and Rainham","1273100400","253402214400","commons","Jon Cruddas"
"Jenny","Chapman","Lab","Darlington","1273100400","253402214400","commons","Jenny Chapman"
"Gareth","Johnson","Con","Dartford","1273100400","253402214400","commons","Gareth Johnson"
"Chris","Heaton-Harris","Con","Daventry","1273100400","253402214400","commons","Chris Heaton-Harris"
"David","Hanson","Lab","Delyn","1273100400","253402214400","commons","David Hanson"
"Andrew","Gwynne","Lab","Denton and Reddish","1273100400","253402214400","commons","Andrew Gwynne"
"Chris","Williamson","Lab","Derby North","1273100400","253402214400","commons","Chris Williamson"
"Margaret","Beckett","Lab","Derby South","1273100400","253402214400","commons","Margaret Beckett"
"Patrick","McLoughlin","Con","Derbyshire Dales","1273100400","253402214400","commons","Patrick McLoughlin"
"Claire","Perry","Con","Devizes","1273100400","253402214400","commons","Claire Perry"
"Simon","Reevell","Con","Dewsbury","1273100400","253402214400","commons","Simon Reevell"
"Caroline","Flint","Lab","Don Valley","1273100400","253402214400","commons","Caroline Flint"
"Rosie","Winterton","Lab","Doncaster Central","1273100400","253402214400","commons","Rosie Winterton"
"Edward","Miliband","Lab","Doncaster North","1273100400","253402214400","commons","Edward Miliband"
"Charlie","Elphicke","Con","Dover","1273100400","253402214400","commons","Charlie Elphicke"
"Ian","Austin","Lab","Dudley North","1273100400","253402214400","commons","Ian Austin"
"Chris","Kelly","Con","Dudley South","1273100400","253402214400","commons","Chris Kelly"
"Tessa","Jowell","Lab","Dulwich and West Norwood","1273100400","253402214400","commons","Tessa Jowell"
"Russell","Brown","Lab","Dumfries and Galloway","1273100400","253402214400","commons","Russell Brown"
"David","Mundell","Con","Dumfriesshire, Clydesdale and Tweeddale","1273100400","253402214400","commons","David Mundell"
"Stewart","Hosie","SNP","Dundee East","1273100400","253402214400","commons","Stewart Hosie"
"Jim","McGovern","Lab","Dundee West","1273100400","253402214400","commons","Jim McGovern"
"Thomas","Docherty","Lab","Dunfermline and West Fife","1273100400","253402214400","commons","Thomas Docherty"
"Elfyn","Llwyd","PC","Dwyfor Meirionnydd","1273100400","253402214400","commons","Elfyn Llwyd"
"Angie","Bray","Con","Ealing Central and Acton","1273100400","253402214400","commons","Angie Bray"
"Stephen","Pound","Lab","Ealing North","1273100400","253402214400","commons","Stephen Pound"
"Virendra","Sharma","Lab","Ealing, Southall","1273100400","253402214400","commons","Virendra Sharma"
"Grahame","Morris","Lab","Easington","1273100400","253402214400","commons","Grahame Morris"
"Sammy","Wilson","DUP","East Antrim","1273100400","253402214400","commons","Sammy Wilson"
"Hugo","Swire","Con","East Devon","1273100400","253402214400","commons","Hugo Swire"
"Jo","Swinson","LDem","East Dunbartonshire","1273100400","253402214400","commons","Jo Swinson"
"Stephen","Timms","Lab","East Ham","1273100400","253402214400","commons","Stephen Timms"
"Damian","Hinds","Con","East Hampshire","1273100400","253402214400","commons","Damian Hinds"
"Michael","McCann","Lab","East Kilbride, Strathaven and Lesmahagow","1273100400","253402214400","commons","Michael McCann"
"Gregory","Campbell","DUP","East Londonderry","1273100400","253402214400","commons","Gregory Campbell"
"Fiona","O'Donnell","Lab","East Lothian","1273100400","253402214400","commons","Fiona O'Donnell"
"Jim","Murphy","Lab","East Renfrewshire","1273100400","253402214400","commons","Jim Murphy"
"Sam","Gyimah","Con","East Surrey","1273100400","253402214400","commons","Sam Gyimah"
"Tim","Loughton","Con","East Worthing and Shoreham","1273100400","253402214400","commons","Tim Loughton"
"Greg","Knight","Con","East Yorkshire","1273100400","253402214400","commons","Greg Knight"
"Stephen","Lloyd","LDem","Eastbourne","1273100400","253402214400","commons","Stephen Lloyd"
"Christopher","Huhne","LDem","Eastleigh","1273100400","1360022400","commons","Christopher Huhne"
"Stephen","O'Brien","Con","Eddisbury","1273100400","253402214400","commons","Stephen O'Brien"
"Sheila","Gilmore","Lab","Edinburgh East","1273100400","253402214400","commons","Sheila Gilmore"
"Mark","Lazarowicz","Lab","Edinburgh North and Leith","1273100400","253402214400","commons","Mark Lazarowicz"
"Ian","Murray","Lab","Edinburgh South","1273100400","253402214400","commons","Ian Murray"
"Alistair","Darling","Lab","Edinburgh South West","1273100400","253402214400","commons","Alistair Darling"
"Michael","Crockart","LDem","Edinburgh West","1273100400","253402214400","commons","Michael Crockart"
"Andrew","Love","Lab","Edmonton","1273100400","253402214400","commons","Andrew Love"
"Andrew","Miller","Lab","Ellesmere Port and Neston","1273100400","253402214400","commons","Andrew Miller"
"Alec","Shelbrooke","Con","Elmet and Rothwell","1273100400","253402214400","commons","Alec Shelbrooke"
"Clive","Efford","Lab","Eltham","1273100400","253402214400","commons","Clive Efford"
"Nick","de Bois","Con","Enfield North","1273100400","253402214400","commons","Nick de Bois"
"David","Burrowes","Con","Enfield, Southgate","1273100400","253402214400","commons","David Burrowes"
"Eleanor","Laing","Con","Epping Forest","1273100400","253402214400","commons","Eleanor Laing"
"Chris","Grayling","Con","Epsom and Ewell","1273100400","253402214400","commons","Chris Grayling"
"Jessica","Lee","Con","Erewash","1273100400","253402214400","commons","Jessica Lee"
"Teresa","Pearce","Lab","Erith and Thamesmead","1273100400","253402214400","commons","Teresa Pearce"
"Dominic","Raab","Con","Esher and Walton","1273100400","253402214400","commons","Dominic Raab"
"Ben","Bradshaw","Lab","Exeter","1273100400","253402214400","commons","Ben Bradshaw"
"Eric","Joyce","Lab","Falkirk","1273100400","253402214400","commons","Eric Joyce"
"Mark","Hoban","Con","Fareham","1273100400","253402214400","commons","Mark Hoban"
"Hugh","Robertson","Con","Faversham and Mid Kent","1273100400","253402214400","commons","Hugh Robertson"
"Alan","Keen","Lab","Feltham and Heston","1273100400","1321142400","commons","Alan Keen"
"Michelle","Gildernew","SF","Fermanagh and South Tyrone","1273100400","253402214400","commons","Michelle Gildernew"
"Jack","Lopresti","Con","Filton and Bradley Stoke","1273100400","253402214400","commons","Jack Lopresti"
"Mike","Freer","Con","Finchley and Golders Green","1273100400","253402214400","commons","Mike Freer"
"Damian","Collins","Con","Folkestone and Hythe","1273100400","253402214400","commons","Damian Collins"
"Mark","Harper","Con","Forest of Dean","1273100400","253402214400","commons","Mark Harper"
"Mark","Durkan","SDLP","Foyle","1273100400","253402214400","commons","Mark Durkan"
"Mark","Menzies","Con","Fylde","1273100400","253402214400","commons","Mark Menzies"
"Edward","Leigh","Con","Gainsborough","1273100400","253402214400","commons","Edward Leigh"
"Maria","Eagle","Lab","Garston and Halewood","1273100400","253402214400","commons","Maria Eagle"
"Ian","Mearns","Lab","Gateshead","1273100400","253402214400","commons","Ian Mearns"
"Vernon","Coaker","Lab","Gedling","1273100400","253402214400","commons","Vernon Coaker"
"Rehman","Chishti","Con","Gillingham and Rainham","1273100400","253402214400","commons","Rehman Chishti"
"Anas","Sarwar","Lab","Glasgow Central","1273100400","253402214400","commons","Anas Sarwar"
"Margaret","Curran","Lab","Glasgow East","1273100400","253402214400","commons","Margaret Curran"
"Ann","McKechin","Lab","Glasgow North","1273100400","253402214400","commons","Ann McKechin"
"William","Bain","Lab","Glasgow North East","1273100400","253402214400","commons","William Bain"
"John","Robertson","Lab","Glasgow North West","1273100400","253402214400","commons","John Robertson"
"Tom","Harris","Lab","Glasgow South","1273100400","253402214400","commons","Tom Harris"
"Ian","Davidson","Lab","Glasgow South West","1273100400","253402214400","commons","Ian Davidson"
"Lindsay","Roy","Lab","Glenrothes","1273100400","253402214400","commons","Lindsay Roy"
"Richard","Graham","Con","Gloucester","1273100400","253402214400","commons","Richard Graham"
"Malcolm","Bruce","LDem","Gordon","1273100400","253402214400","commons","Malcolm Bruce"
"Caroline","Dinenage","Con","Gosport","1273100400","253402214400","commons","Caroline Dinenage"
"Martin","Caton","Lab","Gower","1273100400","253402214400","commons","Martin Caton"
"Nicholas","Boles","Con","Grantham and Stamford","1273100400","253402214400","commons","Nicholas Boles"
"Adam","Holloway","Con","Gravesham","1273100400","253402214400","commons","Adam Holloway"
"Austin","Mitchell","Lab","Great Grimsby","1273100400","253402214400","commons","Austin Mitchell"
"Brandon","Lewis","Con","Great Yarmouth","1273100400","253402214400","commons","Brandon Lewis"
"Nick","Raynsford","Lab","Greenwich and Woolwich","1273100400","253402214400","commons","Nick Raynsford"
"Anne","Milton","Con","Guildford","1273100400","253402214400","commons","Anne Milton"
"Diane","Abbott","Lab","Hackney North and Stoke Newington","1273100400","253402214400","commons","Diane Abbott"
"Meg","Hillier","Lab","Hackney South and Shoreditch","1273100400","253402214400","commons","Meg Hillier"
"James","Morris","Con","Halesowen and Rowley Regis","1273100400","253402214400","commons","James Morris"
"Linda","Riordan","Lab","Halifax","1273100400","253402214400","commons","Linda Riordan"
"David","Davis","Con","Haltemprice and Howden","1273100400","253402214400","commons","David Davis"
"Derek","Twigg","Lab","Halton","1273100400","253402214400","commons","Derek Twigg"
"Andy","Slaughter","Lab","Hammersmith","1273100400","253402214400","commons","Andy Slaughter"
"Glenda","Jackson","Lab","Hampstead and Kilburn","1273100400","253402214400","commons","Glenda Jackson"
"Edward","Garnier","Con","Harborough","1273100400","253402214400","commons","Edward Garnier"
"Robert","Halfon","Con","Harlow","1273100400","253402214400","commons","Robert Halfon"
"Andrew","Jones","Con","Harrogate and Knaresborough","1273100400","253402214400","commons","Andrew Jones"
"Bob","Blackman","Con","Harrow East","1273100400","253402214400","commons","Bob Blackman"
"Gareth","Thomas","Lab","Harrow West","1273100400","253402214400","commons","Gareth Thomas"
"Iain","Wright","Lab","Hartlepool","1273100400","253402214400","commons","Iain Wright"
"Bernard","Jenkin","Con","Harwich and North Essex","1273100400","253402214400","commons","Bernard Jenkin"
"Amber","Rudd","Con","Hastings and Rye","1273100400","253402214400","commons","Amber Rudd"
"David","Willetts","Con","Havant","1273100400","253402214400","commons","David Willetts"
"John","McDonnell","Lab","Hayes and Harlington","1273100400","253402214400","commons","John McDonnell"
"Andrew","Stunell","LDem","Hazel Grove","1273100400","253402214400","commons","Andrew Stunell"
"Michael","Penning","Con","Hemel Hempstead","1273100400","253402214400","commons","Michael Penning"
"Jon","Trickett","Lab","Hemsworth","1273100400","253402214400","commons","Jon Trickett"
"Matthew","Offord","Con","Hendon","1273100400","253402214400","commons","Matthew Offord"
"John","Howell","Con","Henley","1273100400","253402214400","commons","John Howell"
"Jesse","Norman","Con","Hereford and South Herefordshire","1273100400","253402214400","commons","Jesse Norman"
"Mark","Prisk","Con","Hertford and Stortford","1273100400","253402214400","commons","Mark Prisk"
"James","Clappison","Con","Hertsmere","1273100400","253402214400","commons","James Clappison"
"Guy","Opperman","Con","Hexham","1273100400","253402214400","commons","Guy Opperman"
"Jim","Dobbin","Lab","Heywood and Middleton","1273100400","1410044400","commons","Jim Dobbin"
"Andrew","Bingham","Con","High Peak","1273100400","253402214400","commons","Andrew Bingham"
"Peter","Lilley","Con","Hitchin and Harpenden","1273100400","253402214400","commons","Peter Lilley"
"Frank","Dobson","Lab","Holborn and St Pancras","1273100400","253402214400","commons","Frank Dobson"
"Angela","Watkinson","Con","Hornchurch and Upminster","1273100400","253402214400","commons","Angela Watkinson"
"Lynne","Featherstone","LDem","Hornsey and Wood Green","1273100400","253402214400","commons","Lynne Featherstone"
"Francis","Maude","Con","Horsham","1273100400","253402214400","commons","Francis Maude"
"Bridget","Phillipson","Lab","Houghton and Sunderland South","1273100400","253402214400","commons","Bridget Phillipson"
"Mike","Weatherley","Con","Hove","1273100400","253402214400","commons","Mike Weatherley"
"Barry","Sheerman","Lab","Huddersfield","1273100400","253402214400","commons","Barry Sheerman"
"Jonathan","Djanogly","Con","Huntingdon","1273100400","253402214400","commons","Jonathan Djanogly"
"Graham","Jones","Lab","Hyndburn","1273100400","253402214400","commons","Graham Jones"
"Lee","Scott","Con","Ilford North","1273100400","253402214400","commons","Lee Scott"
"Mike","Gapes","Lab","Ilford South","1273100400","253402214400","commons","Mike Gapes"
"David","Cairns","Lab","Inverclyde","1273100400","1304895600","commons","David Cairns"
"Danny","Alexander","LDem","Inverness, Nairn, Badenoch and Strathspey","1273100400","253402214400","commons","Danny Alexander"
"Ben","Gummer","Con","Ipswich","1273100400","253402214400","commons","Ben Gummer"
"Andrew","Turner","Con","Isle of Wight","1273100400","253402214400","commons","Andrew Turner"
"Jeremy","Corbyn","Lab","Islington North","1273100400","253402214400","commons","Jeremy Corbyn"
"Emily","Thornberry","Lab","Islington South and Finsbury","1273100400","253402214400","commons","Emily Thornberry"
"Chris","Evans","Lab","Islwyn","1273100400","253402214400","commons","Chris Evans"
"Stephen","Hepburn","Lab","Jarrow","1273100400","253402214400","commons","Stephen Hepburn"
"Kris","Hopkins","Con","Keighley","1273100400","253402214400","commons","Kris Hopkins"
"Jeremy","Wright","Con","Kenilworth and Southam","1273100400","253402214400","commons","Jeremy Wright"
"Malcolm","Rifkind","Con","Kensington","1273100400","253402214400","commons","Malcolm Rifkind"
"Philip","Hollobone","Con","Kettering","1273100400","253402214400","commons","Philip Hollobone"
"Cathy","Jamieson","Lab","Kilmarnock and Loudoun","1273100400","253402214400","commons","Cathy Jamieson"
"Edward","Davey","LDem","Kingston and Surbiton","1273100400","253402214400","commons","Edward Davey"
"Karl","Turner","Lab","Kingston upon Hull East","1273100400","253402214400","commons","Karl Turner"
"Diana","Johnson","Lab","Kingston upon Hull North","1273100400","253402214400","commons","Diana Johnson"
"Alan","Johnson","Lab","Kingston upon Hull West and Hessle","1273100400","253402214400","commons","Alan Johnson"
"Chris","Skidmore","Con","Kingswood","1273100400","253402214400","commons","Chris Skidmore"
"Gordon","Brown","Lab","Kirkcaldy and Cowdenbeath","1273100400","253402214400","commons","Gordon Brown"
"George","Howarth","Lab","Knowsley","1273100400","253402214400","commons","George Howarth"
"Jeffrey M","Donaldson","DUP","Lagan Valley","1273100400","253402214400","commons","Jeffrey M Donaldson"
"Jimmy","Hood","Lab","Lanark and Hamilton East","1273100400","253402214400","commons","Jimmy Hood"
"Eric","Ollerenshaw","Con","Lancaster and Fleetwood","1273100400","253402214400","commons","Eric Ollerenshaw"
"Hilary","Benn","Lab","Leeds Central","1273100400","253402214400","commons","Hilary Benn"
"George","Mudie","Lab","Leeds East","1273100400","253402214400","commons","George Mudie"
"Fabian","Hamilton","Lab","Leeds North East","1273100400","253402214400","commons","Fabian Hamilton"
"Greg","Mulholland","LDem","Leeds North West","1273100400","253402214400","commons","Greg Mulholland"
"Rachel","Reeves","Lab","Leeds West","1273100400","253402214400","commons","Rachel Reeves"
"Keith","Vaz","Lab","Leicester East","1273100400","253402214400","commons","Keith Vaz"
"Peter","Soulsby","Lab","Leicester South","1273100400","1301612400","commons","Peter Soulsby"
"Liz","Kendall","Lab","Leicester West","1273100400","253402214400","commons","Liz Kendall"
"Andy","Burnham","Lab","Leigh","1273100400","253402214400","commons","Andy Burnham"
"Norman","Baker","LDem","Lewes","1273100400","253402214400","commons","Norman Baker"
"Heidi","Alexander","Lab","Lewisham East","1273100400","253402214400","commons","Heidi Alexander"
"Jim","Dowd","Lab","Lewisham West and Penge","1273100400","253402214400","commons","Jim Dowd"
"Joan","Ruddock","Lab","Lewisham, Deptford","1273100400","253402214400","commons","Joan Ruddock"
"John","Cryer","Lab","Leyton and Wanstead","1273100400","253402214400","commons","John Cryer"
"Michael","Fabricant","Con","Lichfield","1273100400","253402214400","commons","Michael Fabricant"
"Karl","McCartney","Con","Lincoln","1273100400","253402214400","commons","Karl McCartney"
"Michael","Connarty","Lab","Linlithgow and East Falkirk","1273100400","253402214400","commons","Michael Connarty"
"Louise","Ellman","Lab","Liverpool, Riverside","1273100400","253402214400","commons","Louise Ellman"
"Steve","Rotheram","Lab","Liverpool, Walton","1273100400","253402214400","commons","Steve Rotheram"
"Luciana","Berger","Lab","Liverpool, Wavertree","1273100400","253402214400","commons","Luciana Berger"
"Stephen","Twigg","Lab","Liverpool, West Derby","1273100400","253402214400","commons","Stephen Twigg"
"Graeme","Morrice","Lab","Livingston","1273100400","253402214400","commons","Graeme Morrice"
"Nia","Griffith","Lab","Llanelli","1273100400","253402214400","commons","Nia Griffith"
"Nicky","Morgan","Con","Loughborough","1273100400","253402214400","commons","Nicky Morgan"
"Peter","Tapsell","Con","Louth and Horncastle","1273100400","253402214400","commons","Peter Tapsell"
"Philip","Dunne","Con","Ludlow","1273100400","253402214400","commons","Philip Dunne"
"Kelvin","Hopkins","Lab","Luton North","1273100400","253402214400","commons","Kelvin Hopkins"
"Gavin","Shuker","Lab","Luton South","1273100400","253402214400","commons","Gavin Shuker"
"David","Rutley","Con","Macclesfield","1273100400","253402214400","commons","David Rutley"
"Theresa","May","Con","Maidenhead","1273100400","253402214400","commons","Theresa May"
"Helen","Grant","Con","Maidstone and The Weald","1273100400","253402214400","commons","Helen Grant"
"Yvonne","Fovargue","Lab","Makerfield","1273100400","253402214400","commons","Yvonne Fovargue"
"John","Whittingdale","Con","Maldon","1273100400","253402214400","commons","John Whittingdale"
"Tony","Lloyd","Lab","Manchester Central","1273100400","1350860400","commons","Tony Lloyd"
"Gerald","Kaufman","Lab","Manchester, Gorton","1273100400","253402214400","commons","Gerald Kaufman"
"John","Leech","LDem","Manchester, Withington","1273100400","253402214400","commons","John Leech"
"Alan","Meale","Lab","Mansfield","1273100400","253402214400","commons","Alan Meale"
"George","Hollingbery","Con","Meon Valley","1273100400","253402214400","commons","George Hollingbery"
"Caroline","Spelman","Con","Meriden","1273100400","253402214400","commons","Caroline Spelman"
"Dai","Havard","Lab","Merthyr Tydfil and Rhymney","1273100400","253402214400","commons","Dai Havard"
"Nadine","Dorries","Con","Mid Bedfordshire","1273100400","253402214400","commons","Nadine Dorries"
"Pauline","Latham","Con","Mid Derbyshire","1273100400","253402214400","commons","Pauline Latham"
"Annette","Brooke","LDem","Mid Dorset and North Poole","1273100400","253402214400","commons","Annette Brooke"
"George","Freeman","Con","Mid Norfolk","1273100400","253402214400","commons","George Freeman"
"Nicholas","Soames","Con","Mid Sussex","1273100400","253402214400","commons","Nicholas Soames"
"Martin","McGuinness","SF","Mid Ulster","1273100400","1357084800","commons","Martin McGuinness"
"Peter","Luff","Con","Mid Worcestershire","1273100400","253402214400","commons","Peter Luff"
"Stuart","Bell","Lab","Middlesbrough","1273100400","1350082800","commons","Stuart Bell"
"Tom","Blenkinsop","Lab","Middlesbrough South and East Cleveland","1273100400","253402214400","commons","Tom Blenkinsop"
"David","Hamilton","Lab","Midlothian","1273100400","253402214400","commons","David Hamilton"
"Mark","Lancaster","Con","Milton Keynes North","1273100400","253402214400","commons","Mark Lancaster"
"Iain","Stewart","Con","Milton Keynes South","1273100400","253402214400","commons","Iain Stewart"
"Siobhain","McDonagh","Lab","Mitcham and Morden","1273100400","253402214400","commons","Siobhain McDonagh"
"Paul","Beresford","Con","Mole Valley","1273100400","253402214400","commons","Paul Beresford"
"David","Davies","Con","Monmouth","1273100400","253402214400","commons","David Davies"
"Glyn","Davies","Con","Montgomeryshire","1273100400","253402214400","commons","Glyn Davies"
"Angus","Robertson","SNP","Moray","1273100400","253402214400","commons","Angus Robertson"
"David","Morris","Con","Morecambe and Lunesdale","1273100400","253402214400","commons","David Morris"
"Edward","Balls","Lab","Morley and Outwood","1273100400","253402214400","commons","Edward Balls"
"Frank","Roy","Lab","Motherwell and Wishaw","1273100400","253402214400","commons","Frank Roy"
"Angus","MacNeil","SNP","Na h-Eileanan an Iar","1273100400","253402214400","commons","Angus MacNeil"
"Peter","Hain","Lab","Neath","1273100400","253402214400","commons","Peter Hain"
"Julian","Lewis","Con","New Forest East","1273100400","253402214400","commons","Julian Lewis"
"Desmond","Swayne","Con","New Forest West","1273100400","253402214400","commons","Desmond Swayne"
"Patrick","Mercer","Con","Newark","1273100400","1398726000","commons","Patrick Mercer"
"Richard","Benyon","Con","Newbury","1273100400","253402214400","commons","Richard Benyon"
"Chi","Onwurah","Lab","Newcastle upon Tyne Central","1273100400","253402214400","commons","Chi Onwurah"
"Nick","Brown","Lab","Newcastle upon Tyne East","1273100400","253402214400","commons","Nick Brown"
"Catherine","McKinnell","Lab","Newcastle upon Tyne North","1273100400","253402214400","commons","Catherine McKinnell"
"Paul","Farrelly","Lab","Newcastle-under-Lyme","1273100400","253402214400","commons","Paul Farrelly"
"Jessica","Morden","Lab","Newport East","1273100400","253402214400","commons","Jessica Morden"
"Paul","Flynn","Lab","Newport West","1273100400","253402214400","commons","Paul Flynn"
"Conor","Murphy","SF","Newry and Armagh","1273100400","253402214400","commons","Conor Murphy"
"Anne-Marie","Morris","Con","Newton Abbot","1273100400","253402214400","commons","Anne-Marie Morris"
"Yvette","Cooper","Lab","Normanton, Pontefract and Castleford","1273100400","253402214400","commons","Yvette Cooper"
"Ian","Paisley Jnr","DUP","North Antrim","1273100400","253402214400","commons","Ian Paisley Jnr"
"Katy","Clark","Lab","North Ayrshire and Arran","1273100400","253402214400","commons","Katy Clark"
"Dan","Rogerson","LDem","North Cornwall","1273100400","253402214400","commons","Dan Rogerson"
"Nick","Harvey","LDem","North Devon","1273100400","253402214400","commons","Nick Harvey"
"Robert","Walter","Con","North Dorset","1273100400","253402214400","commons","Robert Walter"
"Lady","Hermon","Ind","North Down","1273100400","253402214400","commons","Lady Hermon"
"Kevan","Jones","Lab","North Durham","1273100400","253402214400","commons","Kevan Jones"
"Alistair","Burt","Con","North East Bedfordshire","1273100400","253402214400","commons","Alistair Burt"
"Stephen","Barclay","Con","North East Cambridgeshire","1273100400","253402214400","commons","Stephen Barclay"
"Natascha","Engel","Lab","North East Derbyshire","1273100400","253402214400","commons","Natascha Engel"
"Menzies","Campbell","LDem","North East Fife","1273100400","253402214400","commons","Menzies Campbell"
"James","Arbuthnot","Con","North East Hampshire","1273100400","253402214400","commons","James Arbuthnot"
"Oliver","Heald","Con","North East Hertfordshire","1273100400","253402214400","commons","Oliver Heald"
"Jacob","Rees-Mogg","Con","North East Somerset","1273100400","253402214400","commons","Jacob Rees-Mogg"
"Bill","Wiggin","Con","North Herefordshire","1273100400","253402214400","commons","Bill Wiggin"
"Norman","Lamb","LDem","North Norfolk","1273100400","253402214400","commons","Norman Lamb"
"Owen","Paterson","Con","North Shropshire","1273100400","253402214400","commons","Owen Paterson"
"Liam","Fox","Con","North Somerset","1273100400","253402214400","commons","Liam Fox"
"Justin","Tomlinson","Con","North Swindon","1273100400","253402214400","commons","Justin Tomlinson"
"Roger","Gale","Con","North Thanet","1273100400","253402214400","commons","Roger Gale"
"Mary","Glindon","Lab","North Tyneside","1273100400","253402214400","commons","Mary Glindon"
"Dan","Byles","Con","North Warwickshire","1273100400","253402214400","commons","Dan Byles"
"Shailesh","Vara","Con","North West Cambridgeshire","1273100400","253402214400","commons","Shailesh Vara"
"Pat","Glass","Lab","North West Durham","1273100400","253402214400","commons","Pat Glass"
"George","Young","Con","North West Hampshire","1273100400","253402214400","commons","George Young"
"Andrew","Bridgen","Con","North West Leicestershire","1273100400","253402214400","commons","Andrew Bridgen"
"Henry","Bellingham","Con","North West Norfolk","1273100400","253402214400","commons","Henry Bellingham"
"James","Gray","Con","North Wiltshire","1273100400","253402214400","commons","James Gray"
"Michael","Ellis","Con","Northampton North","1273100400","253402214400","commons","Michael Ellis"
"Brian","Binley","Con","Northampton South","1273100400","253402214400","commons","Brian Binley"
"Chloe","Smith","Con","Norwich North","1273100400","253402214400","commons","Chloe Smith"
"Simon","Wright","LDem","Norwich South","1273100400","253402214400","commons","Simon Wright"
"Christopher","Leslie","Lab","Nottingham East","1273100400","253402214400","commons","Christopher Leslie"
"Graham","Allen","Lab","Nottingham North","1273100400","253402214400","commons","Graham Allen"
"Lilian","Greenwood","Lab","Nottingham South","1273100400","253402214400","commons","Lilian Greenwood"
"Marcus","Jones","Con","Nuneaton","1273100400","253402214400","commons","Marcus Jones"
"Gordon","Banks","Lab","Ochil and South Perthshire","1273100400","253402214400","commons","Gordon Banks"
"Huw","Irranca-Davies","Lab","Ogmore","1273100400","253402214400","commons","Huw Irranca-Davies"
"James","Brokenshire","Con","Old Bexley and Sidcup","1273100400","253402214400","commons","James Brokenshire"
"Phil","Woolas","Lab","Oldham East and Saddleworth","1273100400","1288915200","commons","Phil Woolas"
"Michael","Meacher","Lab","Oldham West and Royton","1273100400","253402214400","commons","Michael Meacher"
"Alistair","Carmichael","LDem","Orkney and Shetland","1273100400","253402214400","commons","Alistair Carmichael"
"Jo","Johnson","Con","Orpington","1273100400","253402214400","commons","Jo Johnson"
"Andrew","Smith","Lab","Oxford East","1273100400","253402214400","commons","Andrew Smith"
"Nicola","Blackwood","Con","Oxford West and Abingdon","1273100400","253402214400","commons","Nicola Blackwood"
"Jim","Sheridan","Lab","Paisley and Renfrewshire North","1273100400","253402214400","commons","Jim Sheridan"
"Douglas","Alexander","Lab","Paisley and Renfrewshire South","1273100400","253402214400","commons","Douglas Alexander"
"Andrew","Stephenson","Con","Pendle","1273100400","253402214400","commons","Andrew Stephenson"
"Angela","Smith","Lab","Penistone and Stocksbridge","1273100400","253402214400","commons","Angela Smith"
"Rory","Stewart","Con","Penrith and The Border","1273100400","253402214400","commons","Rory Stewart"
"Pete","Wishart","SNP","Perth and North Perthshire","1273100400","253402214400","commons","Pete Wishart"
"Stewart","Jackson","Con","Peterborough","1273100400","253402214400","commons","Stewart Jackson"
"Alison","Seabeck","Lab","Plymouth, Moor View","1273100400","253402214400","commons","Alison Seabeck"
"Oliver","Colvile","Con","Plymouth, Sutton and Devonport","1273100400","253402214400","commons","Oliver Colvile"
"Owen","Smith","Lab","Pontypridd","1273100400","253402214400","commons","Owen Smith"
"Robert","Syms","Con","Poole","1273100400","253402214400","commons","Robert Syms"
"Jim","Fitzpatrick","Lab","Poplar and Limehouse","1273100400","253402214400","commons","Jim Fitzpatrick"
"Penny","Mordaunt","Con","Portsmouth North","1273100400","253402214400","commons","Penny Mordaunt"
"Mike","Hancock","LDem","Portsmouth South","1273100400","1370127600","commons","Mike Hancock"
"Stephen","Crabb","Con","Preseli Pembrokeshire","1273100400","253402214400","commons","Stephen Crabb"
"Mark","Hendrick","Lab","Preston","1273100400","253402214400","commons","Mark Hendrick"
"Stuart","Andrew","Con","Pudsey","1273100400","253402214400","commons","Stuart Andrew"
"Justine","Greening","Con","Putney","1273100400","253402214400","commons","Justine Greening"
"Mark","Francois","Con","Rayleigh and Wickford","1273100400","253402214400","commons","Mark Francois"
"Rob","Wilson","Con","Reading East","1273100400","253402214400","commons","Rob Wilson"
"Alok","Sharma","Con","Reading West","1273100400","253402214400","commons","Alok Sharma"
"Ian","Swales","LDem","Redcar","1273100400","253402214400","commons","Ian Swales"
"Karen","Lumley","Con","Redditch","1273100400","253402214400","commons","Karen Lumley"
"Crispin","Blunt","Con","Reigate","1273100400","253402214400","commons","Crispin Blunt"
"Chris","Bryant","Lab","Rhondda","1273100400","253402214400","commons","Chris Bryant"
"Nigel","Evans","Con","Ribble Valley","1273100400","253402214400","commons","Nigel Evans"
"William","Hague","Con","Richmond (Yorks)","1273100400","253402214400","commons","William Hague"
"Zac","Goldsmith","Con","Richmond Park","1273100400","253402214400","commons","Zac Goldsmith"
"Simon","Danczuk","Lab","Rochdale","1273100400","253402214400","commons","Simon Danczuk"
"Mark","Reckless","Con","Rochester and Strood","1273100400","1412031600","commons","Mark Reckless"
"James","Duddridge","Con","Rochford and Southend East","1273100400","253402214400","commons","James Duddridge"
"Andrew","Rosindell","Con","Romford","1273100400","253402214400","commons","Andrew Rosindell"
"Caroline","Nokes","Con","Romsey and Southampton North","1273100400","253402214400","commons","Caroline Nokes"
"Charles","Kennedy","LDem","Ross, Skye and Lochaber","1273100400","253402214400","commons","Charles Kennedy"
"Jake","Berry","Con","Rossendale and Darwen","1273100400","253402214400","commons","Jake Berry"
"Kevin","Barron","Lab","Rother Valley","1273100400","253402214400","commons","Kevin Barron"
"Denis","MacShane","Lab","Rotherham","1273100400","1351814400","commons","Denis MacShane"
"Mark","Pawsey","Con","Rugby","1273100400","253402214400","commons","Mark Pawsey"
"Nick","Hurd","Con","Ruislip, Northwood and Pinner","1273100400","253402214400","commons","Nick Hurd"
"Philip","Hammond","Con","Runnymede and Weybridge","1273100400","253402214400","commons","Philip Hammond"
"Kenneth","Clarke","Con","Rushcliffe","1273100400","253402214400","commons","Kenneth Clarke"
"Tom","Greatrex","Lab","Rutherglen and Hamilton West","1273100400","253402214400","commons","Tom Greatrex"
"Alan","Duncan","Con","Rutland and Melton","1273100400","253402214400","commons","Alan Duncan"
"Alan","Haselhurst","Con","Saffron Walden","1273100400","253402214400","commons","Alan Haselhurst"
"Hazel","Blears","Lab","Salford and Eccles","1273100400","253402214400","commons","Hazel Blears"
"John","Glen","Con","Salisbury","1273100400","253402214400","commons","John Glen"
"Robert","Goodwill","Con","Scarborough and Whitby","1273100400","253402214400","commons","Robert Goodwill"
"Nicholas","Dakin","Lab","Scunthorpe","1273100400","253402214400","commons","Nicholas Dakin"
"Phil","Wilson","Lab","Sedgefield","1273100400","253402214400","commons","Phil Wilson"
"Bill","Esterson","Lab","Sefton Central","1273100400","253402214400","commons","Bill Esterson"
"Nigel","Adams","Con","Selby and Ainsty","1273100400","253402214400","commons","Nigel Adams"
"Michael","Fallon","Con","Sevenoaks","1273100400","253402214400","commons","Michael Fallon"
"Paul","Blomfield","Lab","Sheffield Central","1273100400","253402214400","commons","Paul Blomfield"
"Clive","Betts","Lab","Sheffield South East","1273100400","253402214400","commons","Clive Betts"
"David","Blunkett","Lab","Sheffield, Brightside and Hillsborough","1273100400","253402214400","commons","David Blunkett"
"Nicholas","Clegg","LDem","Sheffield, Hallam","1273100400","253402214400","commons","Nicholas Clegg"
"Meg","Munn","Lab","Sheffield, Heeley","1273100400","253402214400","commons","Meg Munn"
"Mark","Spencer","Con","Sherwood","1273100400","253402214400","commons","Mark Spencer"
"Philip","Davies","Con","Shipley","1273100400","253402214400","commons","Philip Davies"
"Daniel","Kawczynski","Con","Shrewsbury and Atcham","1273100400","253402214400","commons","Daniel Kawczynski"
"Gordon","Henderson","Con","Sittingbourne and Sheppey","1273100400","253402214400","commons","Gordon Henderson"
"Julian","Smith","Con","Skipton and Ripon","1273100400","253402214400","commons","Julian Smith"
"Stephen","Phillips","Con","Sleaford and North Hykeham","1273100400","253402214400","commons","Stephen Phillips"
"Fiona","Mactaggart","Lab","Slough","1273100400","253402214400","commons","Fiona Mactaggart"
"Lorely","Burt","LDem","Solihull","1273100400","253402214400","commons","Lorely Burt"
"David","Heath","LDem","Somerton and Frome","1273100400","253402214400","commons","David Heath"
"William","McCrea","DUP","South Antrim","1273100400","253402214400","commons","William McCrea"
"Stephen","Metcalfe","Con","South Basildon and East Thurrock","1273100400","253402214400","commons","Stephen Metcalfe"
"Andrew","Lansley","Con","South Cambridgeshire","1273100400","253402214400","commons","Andrew Lansley"
"Heather","Wheeler","Con","South Derbyshire","1273100400","253402214400","commons","Heather Wheeler"
"Richard","Drax","Con","South Dorset","1273100400","253402214400","commons","Richard Drax"
"Margaret","Ritchie","SDLP","South Down","1273100400","253402214400","commons","Margaret Ritchie"
"James","Paice","Con","South East Cambridgeshire","1273100400","253402214400","commons","James Paice"
"Sheryll","Murray","Con","South East Cornwall","1273100400","253402214400","commons","Sheryll Murray"
"John","Hayes","Con","South Holland and The Deepings","1273100400","253402214400","commons","John Hayes"
"Andrew","Robathan","Con","South Leicestershire","1273100400","253402214400","commons","Andrew Robathan"
"Richard","Bacon","Con","South Norfolk","1273100400","253402214400","commons","Richard Bacon"
"Andrea","Leadsom","Con","South Northamptonshire","1273100400","253402214400","commons","Andrea Leadsom"
"Lorraine","Fullbrook","Con","South Ribble","1273100400","253402214400","commons","Lorraine Fullbrook"
"David","Miliband","Lab","South Shields","1273100400","1365980400","commons","David Miliband"
"Gavin","Williamson","Con","South Staffordshire","1273100400","253402214400","commons","Gavin Williamson"
"Tim","Yeo","Con","South Suffolk","1273100400","253402214400","commons","Tim Yeo"
"Robert","Buckland","Con","South Swindon","1273100400","253402214400","commons","Robert Buckland"
"Laura","Sandys","Con","South Thanet","1273100400","253402214400","commons","Laura Sandys"
"Andrew","Selous","Con","South West Bedfordshire","1273100400","253402214400","commons","Andrew Selous"
"Gary","Streeter","Con","South West Devon","1273100400","253402214400","commons","Gary Streeter"
"David","Gauke","Con","South West Hertfordshire","1273100400","253402214400","commons","David Gauke"
"Elizabeth","Truss","Con","South West Norfolk","1273100400","253402214400","commons","Elizabeth Truss"
"Jeremy","Hunt","Con","South West Surrey","1273100400","253402214400","commons","Jeremy Hunt"
"Andrew","Murrison","Con","South West Wiltshire","1273100400","253402214400","commons","Andrew Murrison"
"John","Denham","Lab","Southampton, Itchen","1273100400","253402214400","commons","John Denham"
"Alan","Whitehead","Lab","Southampton, Test","1273100400","253402214400","commons","Alan Whitehead"
"David","Amess","Con","Southend West","1273100400","253402214400","commons","David Amess"
"John","Pugh","LDem","Southport","1273100400","253402214400","commons","John Pugh"
"Kwasi","Kwarteng","Con","Spelthorne","1273100400","253402214400","commons","Kwasi Kwarteng"
"Anne","Main","Con","St Albans","1273100400","253402214400","commons","Anne Main"
"Stephen","Gilbert","LDem","St Austell and Newquay","1273100400","253402214400","commons","Stephen Gilbert"
"Dave","Watts","Lab","St Helens North","1273100400","253402214400","commons","Dave Watts"
"Shaun","Woodward","Lab","St Helens South and Whiston","1273100400","253402214400","commons","Shaun Woodward"
"Andrew","George","LDem","St Ives","1273100400","253402214400","commons","Andrew George"
"Jeremy","Lefroy","Con","Stafford","1273100400","253402214400","commons","Jeremy Lefroy"
"Karen","Bradley","Con","Staffordshire Moorlands","1273100400","253402214400","commons","Karen Bradley"
"Jonathan","Reynolds","Lab","Stalybridge and Hyde","1273100400","253402214400","commons","Jonathan Reynolds"
"Stephen","McPartland","Con","Stevenage","1273100400","253402214400","commons","Stephen McPartland"
"Anne","McGuire","Lab","Stirling","1273100400","253402214400","commons","Anne McGuire"
"Ann","Coffey","Lab","Stockport","1273100400","253402214400","commons","Ann Coffey"
"Alex","Cunningham","Lab","Stockton North","1273100400","253402214400","commons","Alex Cunningham"
"James","Wharton","Con","Stockton South","1273100400","253402214400","commons","James Wharton"
"Tristram","Hunt","Lab","Stoke-on-Trent Central","1273100400","253402214400","commons","Tristram Hunt"
"Joan","Walley","Lab","Stoke-on-Trent North","1273100400","253402214400","commons","Joan Walley"
"Robert","Flello","Lab","Stoke-on-Trent South","1273100400","253402214400","commons","Robert Flello"
"William","Cash","Con","Stone","1273100400","253402214400","commons","William Cash"
"Margot","James","Con","Stourbridge","1273100400","253402214400","commons","Margot James"
"Jim","Shannon","DUP","Strangford","1273100400","253402214400","commons","Jim Shannon"
"Nadhim","Zahawi","Con","Stratford-on-Avon","1273100400","253402214400","commons","Nadhim Zahawi"
"Chuka","Umunna","Lab","Streatham","1273100400","253402214400","commons","Chuka Umunna"
"Kate","Green","Lab","Stretford and Urmston","1273100400","253402214400","commons","Kate Green"
"Neil","Carmichael","Con","Stroud","1273100400","253402214400","commons","Neil Carmichael"
"Therese","Coffey","Con","Suffolk Coastal","1273100400","253402214400","commons","Therese Coffey"
"Julie","Elliott","Lab","Sunderland Central","1273100400","253402214400","commons","Julie Elliott"
"Michael","Gove","Con","Surrey Heath","1273100400","253402214400","commons","Michael Gove"
"Paul","Burstow","LDem","Sutton and Cheam","1273100400","253402214400","commons","Paul Burstow"
"Andrew","Mitchell","Con","Sutton Coldfield","1273100400","253402214400","commons","Andrew Mitchell"
"Siân","James","Lab","Swansea East","1273100400","253402214400","commons","Siân James"
"Geraint","Davies","Lab","Swansea West","1273100400","253402214400","commons","Geraint Davies"
"Christopher","Pincher","Con","Tamworth","1273100400","253402214400","commons","Christopher Pincher"
"George","Osborne","Con","Tatton","1273100400","253402214400","commons","George Osborne"
"Jeremy","Browne","LDem","Taunton Deane","1273100400","253402214400","commons","Jeremy Browne"
"David","Wright","Lab","Telford","1273100400","253402214400","commons","David Wright"
"Laurence","Robertson","Con","Tewkesbury","1273100400","253402214400","commons","Laurence Robertson"
"Geoffrey","Clifton-Brown","Con","The Cotswolds","1273100400","253402214400","commons","Geoffrey Clifton-Brown"
"Mark","Pritchard","Con","The Wrekin","1273100400","253402214400","commons","Mark Pritchard"
"Anne","McIntosh","Con","Thirsk and Malton","1274914800","253402214400","commons","Anne McIntosh"
"Steve","Webb","LDem","Thornbury and Yate","1273100400","253402214400","commons","Steve Webb"
"Jackie","Doyle-Price","Con","Thurrock","1273100400","253402214400","commons","Jackie Doyle-Price"
"Neil","Parish","Con","Tiverton and Honiton","1273100400","253402214400","commons","Neil Parish"
"John","Stanley","Con","Tonbridge and Malling","1273100400","253402214400","commons","John Stanley"
"Sadiq","Khan","Lab","Tooting","1273100400","253402214400","commons","Sadiq Khan"
"Adrian","Sanders","LDem","Torbay","1273100400","253402214400","commons","Adrian Sanders"
"Paul","Murphy","Lab","Torfaen","1273100400","253402214400","commons","Paul Murphy"
"Geoffrey","Cox","Con","Torridge and West Devon","1273100400","253402214400","commons","Geoffrey Cox"
"Sarah","Wollaston","Con","Totnes","1273100400","253402214400","commons","Sarah Wollaston"
"David","Lammy","Lab","Tottenham","1273100400","253402214400","commons","David Lammy"
"Sarah","Newton","Con","Truro and Falmouth","1273100400","253402214400","commons","Sarah Newton"
"Greg","Clark","Con","Tunbridge Wells","1273100400","253402214400","commons","Greg Clark"
"Vincent","Cable","LDem","Twickenham","1273100400","253402214400","commons","Vincent Cable"
"Alan","Campbell","Lab","Tynemouth","1273100400","253402214400","commons","Alan Campbell"
"David","Simpson","DUP","Upper Bann","1273100400","253402214400","commons","David Simpson"
"John","Randall","Con","Uxbridge and South Ruislip","1273100400","253402214400","commons","John Randall"
"Chris","Ruane","Lab","Vale of Clwyd","1273100400","253402214400","commons","Chris Ruane"
"Alun","Cairns","Con","Vale of Glamorgan","1273100400","253402214400","commons","Alun Cairns"
"Kate","Hoey","Lab","Vauxhall","1273100400","253402214400","commons","Kate Hoey"
"Mary","Creagh","Lab","Wakefield","1273100400","253402214400","commons","Mary Creagh"
"Angela","Eagle","Lab","Wallasey","1273100400","253402214400","commons","Angela Eagle"
"David","Winnick","Lab","Walsall North","1273100400","253402214400","commons","David Winnick"
"Valerie","Vaz","Lab","Walsall South","1273100400","253402214400","commons","Valerie Vaz"
"Stella","Creasy","Lab","Walthamstow","1273100400","253402214400","commons","Stella Creasy"
"Ian","Lavery","Lab","Wansbeck","1273100400","253402214400","commons","Ian Lavery"
"Edward","Vaizey","Con","Wantage","1273100400","253402214400","commons","Edward Vaizey"
"John","Spellar","Lab","Warley","1273100400","253402214400","commons","John Spellar"
"Helen","Jones","Lab","Warrington North","1273100400","253402214400","commons","Helen Jones"
"David","Mowat","Con","Warrington South","1273100400","253402214400","commons","David Mowat"
"Chris","White","Con","Warwick and Leamington","1273100400","253402214400","commons","Chris White"
"Sharon","Hodgson","Lab","Washington and Sunderland West","1273100400","253402214400","commons","Sharon Hodgson"
"Richard","Harrington","Con","Watford","1273100400","253402214400","commons","Richard Harrington"
"Peter","Aldous","Con","Waveney","1273100400","253402214400","commons","Peter Aldous"
"Charles","Hendry","Con","Wealden","1273100400","253402214400","commons","Charles Hendry"
"Graham","Evans","Con","Weaver Vale","1273100400","253402214400","commons","Graham Evans"
"Peter","Bone","Con","Wellingborough","1273100400","253402214400","commons","Peter Bone"
"Tessa","Munt","LDem","Wells","1273100400","253402214400","commons","Tessa Munt"
"Grant","Shapps","Con","Welwyn Hatfield","1273100400","253402214400","commons","Grant Shapps"
"John","Healey","Lab","Wentworth and Dearne","1273100400","253402214400","commons","John Healey"
"Robert","Smith","LDem","West Aberdeenshire and Kincardine","1273100400","253402214400","commons","Robert Smith"
"Tom","Watson","Lab","West Bromwich East","1273100400","253402214400","commons","Tom Watson"
"Adrian","Bailey","Lab","West Bromwich West","1273100400","253402214400","commons","Adrian Bailey"
"Oliver","Letwin","Con","West Dorset","1273100400","253402214400","commons","Oliver Letwin"
"Gemma","Doyle","Lab","West Dunbartonshire","1273100400","253402214400","commons","Gemma Doyle"
"Lyn","Brown","Lab","West Ham","1273100400","253402214400","commons","Lyn Brown"
"Rosie","Cooper","Lab","West Lancashire","1273100400","253402214400","commons","Rosie Cooper"
"Matthew","Hancock","Con","West Suffolk","1273100400","253402214400","commons","Matthew Hancock"
"Pat","Doherty","SF","West Tyrone","1273100400","253402214400","commons","Pat Doherty"
"Harriett","Baldwin","Con","West Worcestershire","1273100400","253402214400","commons","Harriett Baldwin"
"Karen","Buck","Lab","Westminster North","1273100400","253402214400","commons","Karen Buck"
"Tim","Farron","LDem","Westmorland and Lonsdale","1273100400","253402214400","commons","Tim Farron"
"John","Penrose","Con","Weston-Super-Mare","1273100400","253402214400","commons","John Penrose"
"Lisa","Nandy","Lab","Wigan","1273100400","253402214400","commons","Lisa Nandy"
"Stephen","Hammond","Con","Wimbledon","1273100400","253402214400","commons","Stephen Hammond"
"Steve","Brine","Con","Winchester","1273100400","253402214400","commons","Steve Brine"
"Adam","Afriyie","Con","Windsor","1273100400","253402214400","commons","Adam Afriyie"
"Alison","McGovern","Lab","Wirral South","1273100400","253402214400","commons","Alison McGovern"
"Esther","McVey","Con","Wirral West","1273100400","253402214400","commons","Esther McVey"
"Priti","Patel","Con","Witham","1273100400","253402214400","commons","Priti Patel"
"David","Cameron","Con","Witney","1273100400","253402214400","commons","David Cameron"
"Jonathan","Lord","Con","Woking","1273100400","253402214400","commons","Jonathan Lord"
"John","Redwood","Con","Wokingham","1273100400","253402214400","commons","John Redwood"
"Emma","Reynolds","Lab","Wolverhampton North East","1273100400","253402214400","commons","Emma Reynolds"
"Pat","McFadden","Lab","Wolverhampton South East","1273100400","253402214400","commons","Pat McFadden"
"Paul","Uppal","Con","Wolverhampton South West","1273100400","253402214400","commons","Paul Uppal"
"Robin","Walker","Con","Worcester","1273100400","253402214400","commons","Robin Walker"
"Tony","Cunningham","Lab","Workington","1273100400","253402214400","commons","Tony Cunningham"
"Barbara","Keeley","Lab","Worsley and Eccles South","1273100400","253402214400","commons","Barbara Keeley"
"Peter","Bottomley","Con","Worthing West","1273100400","253402214400","commons","Peter Bottomley"
"Ian","Lucas","Lab","Wrexham","1273100400","253402214400","commons","Ian Lucas"
"Steven","Baker","Con","Wycombe","1273100400","253402214400","commons","Steven Baker"
"Ben","Wallace","Con","Wyre and Preston North","1273100400","253402214400","commons","Ben Wallace"
"Mark","Garnier","Con","Wyre Forest","1273100400","253402214400","commons","Mark Garnier"
"Paul","Goggins","Lab","Wythenshawe and Sale East","1273100400","1389052800","commons","Paul Goggins"
"David","Laws","LDem","Yeovil","1273100400","253402214400","commons","David Laws"
"Albert","Owen","Lab","Ynys Môn","1273100400","253402214400","commons","Albert Owen"
"Hugh","Bayley","Lab","York Central","1273100400","253402214400","commons","Hugh Bayley"
"Julian","Sturdy","Con","York Outer","1273100400","253402214400","commons","Julian Sturdy"
"Debbie","Abrahams","Lab","Oldham East and Saddleworth","1294963200","253402214400","commons","Debbie Abrahams"
"Dan","Jarvis","Lab","Barnsley Central","1299196800","253402214400","commons","Dan Jarvis"
"Jonathan","Ashworth","Lab","Leicester South","1304636400","253402214400","commons","Jonathan Ashworth"
"Paul","Maskey","SF","Belfast West","1307574000","253402214400","commons","Paul Maskey"
"Iain","McKenzie","Lab","Inverclyde","1309474800","253402214400","commons","Iain McKenzie"
"Seema","Malhotra","Lab","Feltham and Heston","1323993600","253402214400","commons","Seema Malhotra"
"George","Galloway","Res","Bradford West","1333062000","253402214400","commons","George Galloway"
"Lucy","Powell","Lab","Manchester Central","1353024000","253402214400","commons","Lucy Powell"
"Stephen","Doughty","Lab","Cardiff South and Penarth","1353024000","253402214400","commons","Stephen Doughty"
"Andy","Sawford","Lab","Corby","1353024000","253402214400","commons","Andy Sawford"
"Sarah","Champion","Lab","Rotherham","1354233600","253402214400","commons","Sarah Champion"
"Andrew","McDonald","Lab","Middlesbrough","1354233600","253402214400","commons","Andrew McDonald"
"Steve","Reed","Lab","Croydon North","1354233600","253402214400","commons","Steve Reed"
"Mike","Thornton","LDem","Eastleigh","1362096000","253402214400","commons","Mike Thornton"
"Francie","Molloy","SF","Mid Ulster","1362700800","253402214400","commons","Francie Molloy"
"Emma","Lewell-Buck","Lab","South Shields","1367535600","253402214400","commons","Emma Lewell-Buck"
"Mike","Kane","Lab","Wythenshawe and Sale East","1392249600","253402214400","commons","Mike Kane"
"Robert","Jenrick","Con","Newark","1402009200","253402214400","commons","Robert Jenrick"
"Liz","McInnes","Lab","Heywood and Middleton","1412895600","253402214400","commons","Liz McInnes"
"Douglas","Carswell","UKIP","Clacton","1412895600","253402214400","commons","Douglas Carswell"
"Mark","Reckless","UKIP","Rochester and Strood","1416528000","253402214400","commons","Mark Reckless"
"Mike","Hancock","Ind","Portsmouth South","1370214000","253402214400","commons","Mike Hancock"
